https://www.jmp.com/ja_jp/home.html , ja
https://www.jmp.com/ja_jp/home/blurbs/jmp-17.html , ja
https://www.jmp.com/ja_jp/about.html , ja
https://www.jmp.com/ja_jp/about/jmp-is-here-for-you.html , ja
https://www.jmp.com/ja_jp/about/30-years-of-jmp/jmp-through-the-years.html , ja
https://www.jmp.com/ja_jp/about/30-years-of-jmp/happy-birthday-jmp.html , ja
https://www.jmp.com/ja_jp/about/30-years-of-jmp/then-and-now.html , ja
https://www.jmp.com/ja_jp/about/30-years-of-jmp/reference-content.html , ja
https://www.jmp.com/ja_jp/about/careers-at-jmp.html , ja
https://www.jmp.com/ja_jp/about/access.html , ja
https://www.jmp.com/ja_jp/about/contact.html , ja
https://www.jmp.com/ja_jp/about/contact/contact-us-form.html , ja
https://www.jmp.com/ja_jp/academic.html , ja
https://www.jmp.com/ja_jp/academic/why-jmp.html , ja
https://www.jmp.com/ja_jp/academic/course-materials.html , ja
https://www.jmp.com/ja_jp/academic/screenshot-gallery.html , ja
https://www.jmp.com/ja_jp/academic/teaching-materials.html , en
https://www.jmp.com/ja_jp/academic/academic-software-license-purchase-upgrade.html , ja
https://www.jmp.com/ja_jp/academic/academic-software-license-purchase-new.html , ja
https://www.jmp.com/ja_jp/academic/academic-suite-information.html , ja
https://www.jmp.com/ja_jp/academic/academic-license-purchase.html , ja
https://www.jmp.com/ja_jp/academic/user-sample-data.html , ja
https://www.jmp.com/ja_jp/academic/what-is-an-academic-user.html , ja
https://www.jmp.com/ja_jp/academic/academic-licensing.html , ja
https://www.jmp.com/ja_jp/academic/mba-program.html , ja
https://www.jmp.com/ja_jp/academic/students.html , ja
https://www.jmp.com/ja_jp/academic/researchers.html , ja
https://www.jmp.com/ja_jp/academic/faculty.html , ja
https://www.jmp.com/ja_jp/academic/resources-for-researchers.html , ja
https://www.jmp.com/ja_jp/academic/licensing-for-students.html , ja
https://www.jmp.com/ja_jp/academic/licensing-for-researchers.html , ja
https://www.jmp.com/ja_jp/academic/licensing-for-faculty.html , ja
https://www.jmp.com/ja_jp/academic/resources-for-students.html , ja
https://www.jmp.com/ja_jp/academic/contact-academic.html , ja
https://www.jmp.com/ja_jp/academic/books-for-jmp-users.html , ja
https://www.jmp.com/ja_jp/events.html , ja
https://www.jmp.com/ja_jp/events/external-events.html , ja
https://www.jmp.com/ja_jp/events/external-events/2024-jsa-reliability.html , ja
https://www.jmp.com/ja_jp/events/external-events/2024-jsa.html , ja
https://www.jmp.com/ja_jp/events/jmp-seminars.html , ja
https://www.jmp.com/ja_jp/events/getting-started-with-jmp.html , ja
https://www.jmp.com/ja_jp/events/getting-started-with-jmp/resources.html , ja
https://www.jmp.com/ja_jp/events/getting-started-with-jmp/doe-intro-kit.html , en
https://www.jmp.com/ja_jp/events/getting-started-with-jmp/new-user-welcome-kit.html , ja
https://www.jmp.com/ja_jp/events/getting-started-with-jmp/ondemand.html , ja
https://www.jmp.com/ja_jp/events/getting-started-with-jmp/overview.html , ja
https://www.jmp.com/ja_jp/events/discovery-summit.html , en
https://www.jmp.com/ja_jp/events/discovery-summit/japan-2016/live.html , ja
https://www.jmp.com/ja_jp/events/discovery-summit/japan-2016/live/friday.html , ja
https://www.jmp.com/ja_jp/events/discovery-summit/japan-2016/speakers.html , ja
https://www.jmp.com/ja_jp/events/discovery-summit/japan-2016/abstracts.html , ja
https://www.jmp.com/ja_jp/events/discovery-summit/japan-2016/pricing.html , ja
https://www.jmp.com/ja_jp/events/discovery-summit/japan-2016/agenda.html , ja
https://www.jmp.com/ja_jp/events/discovery-summit/japan-2016/overview.html , ja
https://www.jmp.com/ja_jp/events/discovery-summit/japan-2016/navigation/footer/subfooter.html , ja
https://www.jmp.com/ja_jp/events/discovery-summit/japan-2016/navigation/header.html , ja
https://www.jmp.com/ja_jp/events/discovery-summit/japan-2015.html , ja
https://www.jmp.com/ja_jp/events/discovery-summit/japan-2015/overview.html , ja
https://www.jmp.com/ja_jp/events/discovery-summit/japan-2015/navigation/footer/subfooter.html , ja
https://www.jmp.com/ja_jp/events/discovery-summit/japan-2015/navigation/header.html , ja
https://www.jmp.com/ja_jp/events/conferences.html , ja
https://www.jmp.com/ja_jp/events/ondemand.html , ja
https://www.jmp.com/ja_jp/events/ondemand/jmp-clinical.html , ja
https://www.jmp.com/ja_jp/events/ondemand/technically-speaking/clinical-trial-safety-analysis.html , ja
https://www.jmp.com/ja_jp/events/ondemand/jmp-misc-features.html , ja
https://www.jmp.com/ja_jp/events/ondemand/jmp-misc-features/jmp-healthcare.html , ja
https://www.jmp.com/ja_jp/events/ondemand/jmp-misc-features/jmp-doe.html , ja
https://www.jmp.com/ja_jp/events/ondemand/jmp-misc-features/jmp-trusty.html , ja
https://www.jmp.com/ja_jp/events/ondemand/jmp-misc-features/jmp-msa.html , ja
https://www.jmp.com/ja_jp/events/ondemand/jmp-pro.html , ja
https://www.jmp.com/ja_jp/events/ondemand/jmp-pro/jmppro-predictive-model.html , ja
https://www.jmp.com/ja_jp/events/ondemand/jmp-pro/jmppro-uplift.html , ja
https://www.jmp.com/ja_jp/events/ondemand/jmp-mastering.html , ja
https://www.jmp.com/ja_jp/events/ondemand/jmp-mastering/mastering-10.html , Error: 404 Client Error: Not Found for url: https://www.jmp.com/ja_jp/events/ondemand/local/mastering-jmp/mastering-10.html
https://www.jmp.com/ja_jp/events/ondemand/jmp-mastering/mastering-5.html , Error: 404 Client Error: Not Found for url: https://www.jmp.com/ja_jp/events/ondemand/local/mastering-jmp/mastering-5.html
https://www.jmp.com/ja_jp/events/ondemand/jmp-mastering/mastering-9.html , Error: 404 Client Error: Not Found for url: https://www.jmp.com/ja_jp/events/ondemand/local/mastering-jmp/mastering-9.html
https://www.jmp.com/ja_jp/events/ondemand/jmp-mastering/mastering-4.html , Error: 404 Client Error: Not Found for url: https://www.jmp.com/ja_jp/events/ondemand/local/mastering-jmp/mastering-4.html
https://www.jmp.com/ja_jp/events/ondemand/jmp-mastering/mastering-8.html , Error: 404 Client Error: Not Found for url: https://www.jmp.com/ja_jp/events/ondemand/local/mastering-jmp/mastering-8.html
https://www.jmp.com/ja_jp/events/ondemand/jmp-mastering/mastering-3.html , Error: 404 Client Error: Not Found for url: https://www.jmp.com/ja_jp/events/ondemand/local/mastering-jmp/mastering-3.html
https://www.jmp.com/ja_jp/events/ondemand/jmp-mastering/mastering-7.html , Error: 404 Client Error: Not Found for url: https://www.jmp.com/ja_jp/events/ondemand/local/mastering-jmp/mastering-7.html
https://www.jmp.com/ja_jp/events/ondemand/jmp-mastering/mastering-2.html , Error: 404 Client Error: Not Found for url: https://www.jmp.com/ja_jp/events/ondemand/local/mastering-jmp/mastering-2.html
https://www.jmp.com/ja_jp/events/ondemand/jmp-mastering/mastering-6.html , Error: 404 Client Error: Not Found for url: https://www.jmp.com/ja_jp/events/ondemand/local/mastering-jmp/mastering-6.html
https://www.jmp.com/ja_jp/events/ondemand/jmp-mastering/mastering-1.html , Error: 404 Client Error: Not Found for url: https://www.jmp.com/ja_jp/events/ondemand/local/mastering-jmp/mastering-1.html
https://www.jmp.com/ja_jp/events/ondemand/jmp-basics.html , ja
https://www.jmp.com/ja_jp/events/ondemand/jmp-basics/jmp-visualdata.html , ja
https://www.jmp.com/ja_jp/events/ondemand/explorers/modern-clinical-monitoring-and-quality-by-design.html , ja
https://www.jmp.com/ja_jp/events/ondemand/non-series.html , ja
https://www.jmp.com/ja_jp/events/ondemand/non-series/triskaidekaphilia-introducing-jmp-13.html , ja
https://www.jmp.com/ja_jp/events/ondemand/non-series/jmp11-new.html , ja
https://www.jmp.com/ja_jp/events/ondemand/non-series/jmp-healthcare.html , ja
https://www.jmp.com/ja_jp/events/ondemand/non-series/jmp-doe.html , ja
https://www.jmp.com/ja_jp/events/ondemand/non-series/jmp-trusty.html , ja
https://www.jmp.com/ja_jp/events/ondemand/non-series/jmp-msa.html , ja
https://www.jmp.com/ja_jp/events/ondemand/non-series/jmp-visualdata.html , ja
https://www.jmp.com/ja_jp/events/ondemand/non-series/jmppro-predictive-model.html , ja
https://www.jmp.com/ja_jp/events/ondemand/non-series/jmppro-uplift.html , ja
https://www.jmp.com/ja_jp/events/ondemand/non-series/mastering-10.html , ja
https://www.jmp.com/ja_jp/events/ondemand/non-series/mastering-9.html , ja
https://www.jmp.com/ja_jp/events/ondemand/non-series/mastering-8.html , ja
https://www.jmp.com/ja_jp/events/ondemand/non-series/mastering-7.html , ja
https://www.jmp.com/ja_jp/events/ondemand/non-series/mastering-6.html , ja
https://www.jmp.com/ja_jp/events/ondemand/non-series/mastering-5.html , ja
https://www.jmp.com/ja_jp/events/ondemand/non-series/mastering-4.html , ja
https://www.jmp.com/ja_jp/events/ondemand/non-series/mastering-3.html , ja
https://www.jmp.com/ja_jp/events/ondemand/non-series/mastering-2.html , ja
https://www.jmp.com/ja_jp/events/ondemand/non-series/mastering-1.html , ja
https://www.jmp.com/ja_jp/events/ondemand/non-series/jmp12-handson.html , ja
https://www.jmp.com/ja_jp/events/ondemand/academic.html , ja
https://www.jmp.com/ja_jp/events/ondemand/academic/jmp-dept-edu-graph.html , ja
https://www.jmp.com/ja_jp/events/ondemand/academic/jmp-dept-edu-data-analysis.html , ja
https://www.jmp.com/ja_jp/events/ondemand/academic/jmp-dept-edu-intro.html , ja
https://www.jmp.com/ja_jp/events/ondemand/local.html , ja
https://www.jmp.com/ja_jp/events/ondemand/local/eye-opening-multivariate.html , ja
https://www.jmp.com/ja_jp/events/ondemand/local/trivia-before-after-analysis.html , ja
https://www.jmp.com/ja_jp/events/ondemand/local/genomic-analysis-jmp17-case-study.html , ja
https://www.jmp.com/ja_jp/events/ondemand/local/genomic-analysis-jmp17-intro.html , ja
https://www.jmp.com/ja_jp/events/ondemand/local/eye-opening-statistics.html , ja
https://www.jmp.com/ja_jp/events/ondemand/local/mastering-series-2022.html , en
https://www.jmp.com/ja_jp/events/ondemand/local/jmp-medicstat-workshop.html , ja
https://www.jmp.com/ja_jp/events/ondemand/local/new-in-jmp-16.html , ja
https://www.jmp.com/ja_jp/events/ondemand/local/jmp-bpr.html , ja
https://www.jmp.com/ja_jp/events/ondemand/local/jmp-medical-statistics.html , ja
https://www.jmp.com/ja_jp/events/ondemand/local/jmp-jsa/uniform-design.html , ja
https://www.jmp.com/ja_jp/events/ondemand/local/jmp-jsa/dynamic.html , ja
https://www.jmp.com/ja_jp/events/ondemand/local/jmp-jsa/srpd.html , ja
https://www.jmp.com/ja_jp/events/ondemand/local/jmp-jsa/sn-ratio.html , ja
https://www.jmp.com/ja_jp/events/ondemand/local/jmp-jsa/desirability-function.html , ja
https://www.jmp.com/ja_jp/events/ondemand/local/jmp-jsa/response-surface.html , ja
https://www.jmp.com/ja_jp/events/ondemand/local/jmp-jsa/problem-solving.html , ja
https://www.jmp.com/ja_jp/events/ondemand/local/jmp-jsa/control-chart.html , ja
https://www.jmp.com/ja_jp/events/ondemand/local/jmp-jsa/multiple-regression.html , ja
https://www.jmp.com/ja_jp/events/ondemand/local/jmp-jsa/simple-linear-regression.html , ja
https://www.jmp.com/ja_jp/events/ondemand/local/jmp-jsa/orthogonal.html , ja
https://www.jmp.com/ja_jp/events/ondemand/local/jmp-jsa/anova-robust.html , ja
https://www.jmp.com/ja_jp/events/ondemand/local/jmp-jsa/twoway-anova.html , ja
https://www.jmp.com/ja_jp/events/ondemand/local/jmp-jsa/oneway-anova.html , ja
https://www.jmp.com/ja_jp/events/ondemand/local/jmp-jsa/paired-t-test.html , ja
https://www.jmp.com/ja_jp/events/ondemand/local/jmp-anova-graph.html , ja
https://www.jmp.com/ja_jp/events/ondemand/local/jmp-pro/jmppro-predictive-model.html , ja
https://www.jmp.com/ja_jp/events/ondemand/local/jmp-pro/jmppro-uplift.html , ja
https://www.jmp.com/ja_jp/events/ondemand/local/academic/jmp-dept-edu-graph.html , ja
https://www.jmp.com/ja_jp/events/ondemand/local/academic/jmp-dept-edu-data-analysis.html , ja
https://www.jmp.com/ja_jp/events/ondemand/local/academic/jmp-dept-edu-intro.html , ja
https://www.jmp.com/ja_jp/events/ondemand/local/getting-started/jmp-handson.html , ja
https://www.jmp.com/ja_jp/events/ondemand/local/getting-started/jmp-visualdata.html , ja
https://www.jmp.com/ja_jp/events/ondemand/local/jmp-healthcare.html , ja
https://www.jmp.com/ja_jp/events/ondemand/local/jmp-trusty.html , ja
https://www.jmp.com/ja_jp/events/ondemand/local/jmp-msa.html , ja
https://www.jmp.com/ja_jp/events/ondemand/webinars.html , ja
https://www.jmp.com/ja_jp/events/ondemand/webinars/english-webcasts.html , en
https://www.jmp.com/ja_jp/events/ondemand/webinars/for-jmp-users.html , ja
https://www.jmp.com/ja_jp/events/ondemand/webinars/for-jmp-users/mastering-jmp-2022.html , en
https://www.jmp.com/ja_jp/events/ondemand/webinars/for-jmp-users/for-jmp-users-most-recent.html , ja
https://www.jmp.com/ja_jp/events/ondemand/webinars/for-jmp-users/jmp-jsa.html , ja
https://www.jmp.com/ja_jp/events/ondemand/webinars/for-jmp-users/jmp-clinical-and-jmp-genomics.html , ja
https://www.jmp.com/ja_jp/events/ondemand/webinars/for-jmp-users/getting-started-with-jmp.html , ja
https://www.jmp.com/ja_jp/events/ondemand/webinars/by-application-area.html , ja
https://www.jmp.com/ja_jp/events/live-webinars.html , ja
https://www.jmp.com/ja_jp/events/live-webinars/hands-on/2025-1-21.html , ja
https://www.jmp.com/ja_jp/events/live-webinars/academic.html , ja
https://www.jmp.com/ja_jp/events/live-webinars/non-series.html , ja
https://www.jmp.com/ja_jp/events/live-webinars/non-series/workflow-builder-2025-1-30.html , ja
https://www.jmp.com/ja_jp/events/live-webinars/mastering-jmp.html , id
https://www.jmp.com/ja_jp/events/seminars.html , ja
https://www.jmp.com/ja_jp/whitepapers.html , Error: 404 Client Error: Not Found for url: https://www.jmp.com/ja_jp/resources/resource-listings/by-application-area/all-application-areas.html
https://www.jmp.com/ja_jp/whitepapers/measurement-systems-analysis-for-curve-data.html , Error: 404 Client Error: Not Found for url: https://www.jmp.com/ja_jp/whitepapers/jmp/measurement-systems-analysis-for-curve-data-form.html
https://www.jmp.com/ja_jp/whitepapers/survey-data-analysis-fundamentals.html , ja
https://www.jmp.com/ja_jp/whitepapers/state-of-market-research.html , ja
https://www.jmp.com/ja_jp/whitepapers/bootstrap-forest-yield-analysis.html , ja
https://www.jmp.com/ja_jp/whitepapers/jmp-doe-advantage.html , ja
https://www.jmp.com/ja_jp/whitepapers/optimizing-processes-with-doe.html , ja
https://www.jmp.com/ja_jp/whitepapers/improving-processes-with-statistical-models.html , ja
https://www.jmp.com/ja_jp/whitepapers/model-data.html , ja
https://www.jmp.com/ja_jp/whitepapers/building-better-model-7.html , ja
https://www.jmp.com/ja_jp/whitepapers/pharmaceutical-quality-by-design-methods.html , ja
https://www.jmp.com/ja_jp/whitepapers/manu-yield-improvement.html , ja
https://www.jmp.com/ja_jp/whitepapers/ensure-quality-efficacy-safety.html , ja
https://www.jmp.com/ja_jp/whitepapers/jmp-synergies-using-jmp-and-jmp-pro-with-python-and-r.html , Error: 404 Client Error: Not Found for url: https://www.jmp.com/ja_jp/whitepapers/jmp/jmp-synergies-using-jmp-and-jmp-pro-with-python-and-r-form.html
https://www.jmp.com/ja_jp/government.html , Error: 404 Client Error: Not Found for url: https://www.jmp.com/ja_jp/industries/government-blank.html
https://www.jmp.com/ja_jp/government/government.html , ja
https://www.jmp.com/ja_jp/support.html , ja
https://www.jmp.com/ja_jp/support/robustindex-form.html , ja
https://www.jmp.com/ja_jp/support/femtet-form.html , ja
https://www.jmp.com/ja_jp/support/mcda-form.html , ja
https://www.jmp.com/ja_jp/support/jmp-deployment-guides.html , ja
https://www.jmp.com/ja_jp/support/product-registration.html , ja
https://www.jmp.com/ja_jp/support/jmp-software-updates.html , ja
https://www.jmp.com/ja_jp/support/jmp-software-updates/jmp17-software-updates.html , ja
https://www.jmp.com/ja_jp/support/jmp-software-updates/jmp14-manual-pdf.html , ja
https://www.jmp.com/ja_jp/support/jmp-software-updates/jmp14-software-updates.html , ja
https://www.jmp.com/ja_jp/support/jmp-software-updates/jmp13-manual-pdf.html , ja
https://www.jmp.com/ja_jp/support/jmp-software-updates/jmp13-software-updates.html , ja
https://www.jmp.com/ja_jp/support/jmp-software-updates/stability-201612.html , ja
https://www.jmp.com/ja_jp/support/jmp-software-updates/jmp12-manual-pdf.html , ja
https://www.jmp.com/ja_jp/support/jmp-software-updates/jmp12-software-updates.html , ja
https://www.jmp.com/ja_jp/support/jmp-software-updates/stability-201505.html , ja
https://www.jmp.com/ja_jp/support/jmp-software-updates/jmp11-manual-pdf.html , ja
https://www.jmp.com/ja_jp/support/jmp-software-updates/jmp-11-dsd-form.html , ja
https://www.jmp.com/ja_jp/support/jmp-software-updates/jmp9-software-updates.html , ja
https://www.jmp.com/ja_jp/support/jmp-software-updates/jmp10-software-updates.html , ja
https://www.jmp.com/ja_jp/support/jmp-software-updates/jmp11-software-updates.html , ja
https://www.jmp.com/ja_jp/support/jmp-software-updates/jmp15-software-updates.html , ja
https://www.jmp.com/ja_jp/support/jmp-software-updates/jmp16-software-updates.html , ja
https://www.jmp.com/ja_jp/support/register-jmp.html , en
https://www.jmp.com/ja_jp/support/serial-numbers.html , ja
https://www.jmp.com/ja_jp/support/technical-support-services.html , en
https://www.jmp.com/ja_jp/support/system-requirements.html , en
https://www.jmp.com/ja_jp/support/jmp-documentation.html , ja
https://www.jmp.com/ja_jp/support/online-help.html , ja
https://www.jmp.com/ja_jp/support/for-users.html , ja
https://www.jmp.com/ja_jp/support/s-rpd-form.html , ja
https://www.jmp.com/ja_jp/support/technical-documents.html , ja
https://www.jmp.com/ja_jp/support/online-help-search.html , ja
https://www.jmp.com/ja_jp/learning-library.html , ja
https://www.jmp.com/ja_jp/learning-library/using-sas-from-jmp.html , ja
https://www.jmp.com/ja_jp/learning-library/designed-experiments.html , ja
https://www.jmp.com/ja_jp/learning-library/reliability-and-survivability.html , ja
https://www.jmp.com/ja_jp/learning-library/quality-and-process.html , ja
https://www.jmp.com/ja_jp/learning-library/data-mining.html , ja
https://www.jmp.com/ja_jp/learning-library/mixed-models.html , ja
https://www.jmp.com/ja_jp/learning-library/multivariate-methods.html , ja
https://www.jmp.com/ja_jp/learning-library/time-series.html , ja
https://www.jmp.com/ja_jp/learning-library/correlation-and-regression.html , ja
https://www.jmp.com/ja_jp/learning-library/basic-inference-proportions-and-means.html , ja
https://www.jmp.com/ja_jp/learning-library/probabilities-and-distributions.html , ja
https://www.jmp.com/ja_jp/learning-library/graphical-displays-and-summaries.html , ja
https://www.jmp.com/ja_jp/learning-library/using-jmp.html , ja
https://www.jmp.com/ja_jp/training.html , ja
https://www.jmp.com/ja_jp/training/training-rules.html , ja
https://www.jmp.com/ja_jp/training/lw-requirement.html , ja
https://www.jmp.com/ja_jp/training/courses/quality-control.html , ja
https://www.jmp.com/ja_jp/training/courses/stips.html , ja
https://www.jmp.com/ja_jp/training/courses/paper-helicopter.html , ja
https://www.jmp.com/ja_jp/training/courses/categorical.html , ja
https://www.jmp.com/ja_jp/training/courses/intro-to-operation.html , ja
https://www.jmp.com/ja_jp/training/courses/anova-and-regression.html , ja
https://www.jmp.com/ja_jp/training/courses/anova-and-regression/2023-5-10/thanks.html , ja
https://www.jmp.com/ja_jp/training/courses/design-of-experiments.html , ja
https://www.jmp.com/ja_jp/training/courses/intro-to-data-analysis.html , ja
https://www.jmp.com/ja_jp/training/training-events/training-event-jcat.html , ja
https://www.jmp.com/ja_jp/training/training-events/training-event-janr.html , ja
https://www.jmp.com/ja_jp/training/training-events/training-event-data.html , ja
https://www.jmp.com/ja_jp/training/training-events/training-event-design.html , ja
https://www.jmp.com/ja_jp/training/training-events/training-event-paper-heli.html , ja
https://www.jmp.com/ja_jp/training/training-events/training-event-heli.html , ja
https://www.jmp.com/ja_jp/training/training-events/training-event-qc.html , ja
https://www.jmp.com/ja_jp/training/training-events/training-event-ope.html , ja
https://www.jmp.com/ja_jp/training/resources.html , ja
https://www.jmp.com/ja_jp/training/resources/statistical-thinking-course.html , ja
https://www.jmp.com/ja_jp/training/resources/jmp-books1.html , ja
https://www.jmp.com/ja_jp/training/resources/jmp-books.html , ja
https://www.jmp.com/ja_jp/training/upcoming-courses-all.html , ja
https://www.jmp.com/ja_jp/training/course-catalog.html , ja
https://www.jmp.com/ja_jp/training/overview.html , ja
https://www.jmp.com/ja_jp/newsletters.html , ja
https://www.jmp.com/ja_jp/newsletters/jmp-newswire.html , en
https://www.jmp.com/ja_jp/newsletters/jmp-newswire/un-subscribe/reply.html , ja
https://www.jmp.com/ja_jp/newsletters/jmp-newswire/back-issues.html , ja
https://www.jmp.com/ja_jp/newsletters/jmp-newswire/back-newswire.html , ja
https://www.jmp.com/ja_jp/newsletters/back-newswire.html , ja
https://www.jmp.com/ja_jp/newsletters/jmp-subscribe.html , ja
https://www.jmp.com/ja_jp/newsletters/jmp-change-registration.html , ja
https://www.jmp.com/ja_jp/newsletters/jmp-technical-news.html , ja
https://www.jmp.com/ja_jp/newsletters/jmp-technical-news/2022/2022-05.html , ja
https://www.jmp.com/ja_jp/newsletters/jmp-technical-news/subscribe.html , ja
https://www.jmp.com/ja_jp/newsletters/jmp-technical-news/back-issues.html , ja
https://www.jmp.com/ja_jp/jmp-foreword.html , en
https://www.jmp.com/ja_jp/jmp-foreword/order-jmp-foreword.html , en
https://www.jmp.com/ja_jp/applications.html , ja
https://www.jmp.com/ja_jp/applications/dashboard-building.html , ja
https://www.jmp.com/ja_jp/applications/consumer-market-research.html , ja
https://www.jmp.com/ja_jp/applications/data-visualization-exploratory-data-analysis.html , ja
https://www.jmp.com/ja_jp/applications/statistics-predictive-modeling-data-mining.html , ja
https://www.jmp.com/ja_jp/applications/quality-reliability-six-sigma.html , ja
https://www.jmp.com/ja_jp/applications/design-of-experiments.html , ja
https://www.jmp.com/ja_jp/software.html , ja
https://www.jmp.com/ja_jp/software/student-edition-info.html , ja
https://www.jmp.com/ja_jp/software/beyond-spreadsheets.html , ja
https://www.jmp.com/ja_jp/software/engineering-efficiency.html , ja
https://www.jmp.com/ja_jp/software/eol-product.html , ja
https://www.jmp.com/ja_jp/software/order-information1.html , ja
https://www.jmp.com/ja_jp/software/how-to-get-jmp.html , ja
https://www.jmp.com/ja_jp/software/software-license-purchase-upgrade.html , ja
https://www.jmp.com/ja_jp/software/software-license-purchase-new.html , ja
https://www.jmp.com/ja_jp/software/software-license-purchase.html , ja
https://www.jmp.com/ja_jp/software/books.html , en
https://www.jmp.com/ja_jp/software/feature-index.html , ja
https://www.jmp.com/ja_jp/software/capabilities.html , ja
https://www.jmp.com/ja_jp/software/capabilities/content-organization.html , ja
https://www.jmp.com/ja_jp/software/capabilities/sharing-and-communicating-results.html , ja
https://www.jmp.com/ja_jp/software/capabilities/mass-customization.html , ja
https://www.jmp.com/ja_jp/software/capabilities/automation-and-scripting.html , ja
https://www.jmp.com/ja_jp/software/capabilities/consumer-and-market-research.html , ja
https://www.jmp.com/ja_jp/software/capabilities/reliability-analysis.html , ja
https://www.jmp.com/ja_jp/software/capabilities/quality-and-process-engineering.html , ja
https://www.jmp.com/ja_jp/software/capabilities/predictive-modeling-and-machine-learning.html , ja
https://www.jmp.com/ja_jp/software/capabilities/advanced-statistical-modeling.html , ja
https://www.jmp.com/ja_jp/software/capabilities/basic-data-analysis-and-modeling.html , ja
https://www.jmp.com/ja_jp/software/capabilities/design-of-experiments.html , ja
https://www.jmp.com/ja_jp/software/capabilities/data-exploration-and-visualization.html , ja
https://www.jmp.com/ja_jp/software/capabilities/data-blending-and-cleanup.html , ja
https://www.jmp.com/ja_jp/software/capabilities/data-access.html , ja
https://www.jmp.com/ja_jp/software/buy-jmp.html , ja
https://www.jmp.com/ja_jp/software/buy-jmp/buy-jmp-genomics2.html , ja
https://www.jmp.com/ja_jp/software/buy-jmp/buy-jmp-clinical2.html , ja
https://www.jmp.com/ja_jp/software/buy-jmp/buy-jmp-pro2.html , ja
https://www.jmp.com/ja_jp/software/buy-jmp/buy-jmp-genomics.html , ja
https://www.jmp.com/ja_jp/software/buy-jmp/buy-jmp-clinical.html , ja
https://www.jmp.com/ja_jp/software/buy-jmp/buy-jmp-pro.html , ja
https://www.jmp.com/ja_jp/software/jmp-pro.html , ja
https://www.jmp.com/ja_jp/software/jmp.html , ja
https://www.jmp.com/ja_jp/software/clinical-data-analysis-software.html , ja
https://www.jmp.com/ja_jp/software/clinical-data-analysis-software/jmp-clinical-evaluation.html , en
https://www.jmp.com/ja_jp/software/clinical-data-analysis-software/risk-based-monitoring.html , ja
https://www.jmp.com/ja_jp/software/clinical-data-analysis-software/core-capabilities-of-jmp-clinical.html , ja
https://www.jmp.com/ja_jp/software/predictive-analytics-software.html , ja
https://www.jmp.com/ja_jp/software/predictive-analytics-software/jmp-pro-evaluation.html , ja
https://www.jmp.com/ja_jp/software/predictive-analytics-software/key-features-of-jmp-pro.html , ja
https://www.jmp.com/ja_jp/software/data-analysis-software.html , ja
https://www.jmp.com/ja_jp/software/data-analysis-software/core-capabilities-of-jmp.html , ja
https://www.jmp.com/ja_jp/software/analytic-workflow.html , ja
https://www.jmp.com/ja_jp/software/analytic-workflow/data-connectors.html , ja
https://www.jmp.com/ja_jp/software/analytic-workflow/data-connectors/contact-us.html , en
https://www.jmp.com/ja_jp/software/leveraging-jmp.html , ja
https://www.jmp.com/ja_jp/software/leveraging-jmp/leveraging-jmp-demo-request.html , ja
https://www.jmp.com/ja_jp/software/new-release.html , en
https://www.jmp.com/ja_jp/software/new-release/new-in-jmp-and-jmp-pro.html , ja
https://www.jmp.com/ja_jp/software/new-release/new-in-jmp.html , ja
https://www.jmp.com/ja_jp/software/new-release/new-in-jmp/new-in-jmp-info-request.html , en
https://www.jmp.com/ja_jp/software/collaborative-analytics-software.html , ja
https://www.jmp.com/ja_jp/software/collaborative-analytics-software/deployment-admin-essentials.html , Error: 404 Client Error: Not Found for url: https://www.jmp.com/ja_jp/software/collaborative-analytics-software/for-administrators.html
https://www.jmp.com/ja_jp/software/collaborative-analytics-software/jmp-live-info-request.html , ja
https://www.jmp.com/ja_jp/software/eol-sw.html , ja
https://www.jmp.com/ja_jp/software/analytics-advocate-guide.html , ja
https://www.jmp.com/ja_jp/software/why-jmp.html , ja
https://www.jmp.com/ja_jp/software/extensions.html , ja
https://www.jmp.com/ja_jp/partners.html , ja
https://www.jmp.com/ja_jp/resources.html , Error: 404 Client Error: Not Found for url: https://www.jmp.com/ja_jp/resources/resource-listings/by-application-area/all-application-areas.html
https://www.jmp.com/ja_jp/resources/resource-listings/more-in-english.html , en
https://www.jmp.com/ja_jp/resources/resource-listings/by-type.html , ja
https://www.jmp.com/ja_jp/resources/resource-listings/by-type/book-chapters.html , ja
https://www.jmp.com/ja_jp/resources/resource-listings/by-type/customer-stories.html , ja
https://www.jmp.com/ja_jp/resources/resource-listings/by-type/on-demand.html , ja
https://www.jmp.com/ja_jp/resources/resource-listings/by-type/white-papers.html , ja
https://www.jmp.com/ja_jp/resources/resource-listings/by-industry.html , ja
https://www.jmp.com/ja_jp/resources/resource-listings/by-industry/academic.html , ja
https://www.jmp.com/ja_jp/resources/resource-listings/by-industry/government.html , ja
https://www.jmp.com/ja_jp/resources/resource-listings/by-industry/industrial-manufacturing.html , ja
https://www.jmp.com/ja_jp/resources/resource-listings/by-industry/chemical.html , ja
https://www.jmp.com/ja_jp/resources/resource-listings/by-industry/consumer-products.html , ja
https://www.jmp.com/ja_jp/resources/resource-listings/by-industry/all-industries.html , ja
https://www.jmp.com/ja_jp/resources/reference-content.html , ja
https://www.jmp.com/ja_jp/online-statistics-course.html , ja
https://www.jmp.com/ja_jp/online-statistics-course/course-outline.html , ja
https://www.jmp.com/ja_jp/online-statistics-course/design-of-experiments.html , ja
https://www.jmp.com/ja_jp/online-statistics-course/predictive-modeling-and-text-mining.html , ja
https://www.jmp.com/ja_jp/online-statistics-course/correlation-and-regression.html , ja
https://www.jmp.com/ja_jp/online-statistics-course/decision-making-with-data.html , ja
https://www.jmp.com/ja_jp/online-statistics-course/quality-methods.html , ja
https://www.jmp.com/ja_jp/online-statistics-course/exploratory-data-analysis.html , ja
https://www.jmp.com/ja_jp/online-statistics-course/statistical-thinking-and-problem-solving.html , ja
https://www.jmp.com/ja_jp/bios/valente-daniel.html , ja
https://www.jmp.com/ja_jp/bios/weisz-jon.html , ja
https://www.jmp.com/ja_jp/bios/perkinson-jeff.html , ja
https://www.jmp.com/ja_jp/bios/nachtsheim-chris.html , ja
https://www.jmp.com/ja_jp/bios/gotwalt-chris.html , ja
https://www.jmp.com/ja_jp/bios/jones-bradley.html , ja
https://www.jmp.com/ja_jp/industries.html , ja
https://www.jmp.com/ja_jp/industries/government.html , ja
https://www.jmp.com/ja_jp/industries/government/screenshot-government.html , ja
https://www.jmp.com/ja_jp/industries/government/research-citations.html , ja
https://www.jmp.com/ja_jp/industries/data-analysis-software-for-the-pharmaceutical-industry.html , ja
https://www.jmp.com/ja_jp/industries/data-analysis-software-for-the-pharmaceutical-industry/schedule-a-jmp-demo.html , en
https://www.jmp.com/ja_jp/industries/data-analysis-software-for-the-semiconductor-industry.html , ja
https://www.jmp.com/ja_jp/industries/data-analysis-software-for-the-semiconductor-industry/schedule-a-jmp-demo.html , ja
https://www.jmp.com/ja_jp/industries/data-analysis-software-for-the-consumer-products-industry.html , ja
https://www.jmp.com/ja_jp/industries/data-analysis-software-for-the-consumer-products-industry/schedule-a-jmp-demo.html , ja
https://www.jmp.com/ja_jp/industries/data-analysis-software-for-the-chemical-industry.html , ja
https://www.jmp.com/ja_jp/industries/data-analysis-software-for-the-chemical-industry/schedule-a-jmp-demo.html , ja
https://www.jmp.com/ja_jp/industries/medical-statistics.html , ja
https://www.jmp.com/ja_jp/industries/food-beverage.html , ja
https://www.jmp.com/ja_jp/industries/food-beverage/customer-voice.html , ja
https://www.jmp.com/ja_jp/industries/food-beverage/seminars.html , ja
https://www.jmp.com/ja_jp/industries/drug-development.html , ja
https://www.jmp.com/ja_jp/industries/drug-development/customer-voice.html , ja
https://www.jmp.com/ja_jp/industries/drug-development/seminars.html , ja
https://www.jmp.com/ja_jp/industries/pharma/difference.html , ja
https://www.jmp.com/ja_jp/industries/biotech.html , ja
https://www.jmp.com/ja_jp/offers.html , ja
https://www.jmp.com/ja_jp/offers/medicalstat-str.html , ja
https://www.jmp.com/ja_jp/offers/medicalstat-jmp.html , ja
https://www.jmp.com/ja_jp/offers/jea31.html , ja
https://www.jmp.com/ja_jp/offers/mva-reliability-202003cancel.html , ja
https://www.jmp.com/ja_jp/offers/jspe2020.html , ja
https://www.jmp.com/ja_jp/offers/mva-reliability-202003.html , ja
https://www.jmp.com/ja_jp/offers/facebook-campaign2019.html , ja
https://www.jmp.com/ja_jp/offers/sns-campaign2019.html , ja
https://www.jmp.com/ja_jp/offers/pharma-compilation.html , ja
https://www.jmp.com/ja_jp/offers/whitepaper-manufacturing.html , ja
https://www.jmp.com/ja_jp/offers/whitepaper-pharma.html , ja
https://www.jmp.com/ja_jp/offers/government-researcher.html , ja
https://www.jmp.com/ja_jp/offers/academic-institution.html , ja
https://www.jmp.com/ja_jp/offers/high-tech-industry.html , ja
https://www.jmp.com/ja_jp/offers/chemical-industry.html , ja
https://www.jmp.com/ja_jp/offers/pharmaceutical-industry.html , ja
https://www.jmp.com/ja_jp/offers/chemical-engineers-and-scientists.html , ja
https://www.jmp.com/ja_jp/offers/doe-design-space.html , ja
https://www.jmp.com/ja_jp/offers/text-analysis.html , ja
https://www.jmp.com/ja_jp/offers/welcome.html , ja
https://www.jmp.com/ja_jp/offers/reliability-analysis-software.html , ja
https://www.jmp.com/ja_jp/offers/statistical-analysis-software.html , ja
https://www.jmp.com/ja_jp/offers/data-visualization.html , ja
https://www.jmp.com/ja_jp/offers/design-of-experiments.html , ja
https://www.jmp.com/ja_jp/offers/excel-data-analysis.html , ja
https://www.jmp.com/ja_jp/offers/quality-improvement-software.html , ja
https://www.jmp.com/ja_jp/offers/data-analysis.html , ja
https://www.jmp.com/ja_jp/download-jmp-free-trial.html , ja
https://www.jmp.com/ja_jp/data-for-green.html , ja
https://www.jmp.com/ja_jp/data-for-green/stay-informed.html , en
https://www.jmp.com/ja_jp/data-for-green/not-jmp-user.html , en
https://www.jmp.com/ja_jp/data-for-green/jmp-user.html , en
https://www.jmp.com/ja_jp/company.html , en
https://www.jmp.com/ja_jp/company/contact.html , ja
https://www.jmp.com/ja_jp/company/we-love-statistics.html , ja
